Book Title,Genres,First Published Date,Author
Wall and Piece,"Art, Nonfiction, Politics, Street Art, Art Design, Photography, Design","January 1, 2005",Banksy
The Art Book,"Art, Nonfiction, Reference, Art History, History, Design, Art Design","January 1, 1997",Phaidon Press
Girl with a Pearl Earring,"Historical Fiction, Fiction, Historical, Classics, Art, Romance, Adult","January 1, 1999",Tracy Chevalier
Ways of Seeing,"Art, Nonfiction, Philosophy, Essays, Art History, Design, Photography","January 1, 1972",John Berger
The Story of Art,"Art, Nonfiction, Art History, Reference, Classics, Design, Architecture","January 1, 1950",E.H. Gombrich
Steal Like an Artist: 10 Things Nobody Told You About Being Creative,"Nonfiction, Art, Self Help, Design, Writing, Business, Personal Development","February 28, 2012",Austin Kleon
The New Drawing on the Right Side of the Brain,"Art, Nonfiction, Drawing, Reference, Psychology, Self Help, Design","January 1, 1979",Betty Edwards
The Artist's Way: A Spiritual Path to Higher Creativity,"Nonfiction, Art, Writing, Self Help, Spirituality, Psychology, Personal Development","March 4, 2002",Julia Cameron
Art and Fear,"Art, Nonfiction, Writing, Self Help, Philosophy, Psychology, Design","January 1, 1994",David Bayles
Wall and Piece,"Art, Nonfiction, Politics, Street Art, Art Design, Photography, Design","January 1, 2005",Banksy
The Art Book,"Art, Nonfiction, Reference, Art History, History, Design, Art Design","January 1, 1997",Phaidon Press
Girl with a Pearl Earring,"Historical Fiction, Fiction, Historical, Classics, Art, Romance, Adult","January 1, 1999",Tracy Chevalier
The Letters of Vincent van Gogh,"Art, Nonfiction, Classics, Biography, History, Memoir, Art History","January 1, 1914",Vincent van Gogh
Concerning the Spiritual in Art,"Art, Nonfiction, Philosophy, Art History, Spirituality, Religion, Classics","January 1, 1912",Wassily Kandinsky
Seven Days in the Art World,"Art, Nonfiction, Art History, Essays, History, Art Design, Business","November 3, 2008",Sarah Thornton
The Goldfinch,"Fiction, Contemporary, Literary Fiction, Audiobook, Mystery, Art, Novels","September 23, 2013",Donna Tartt
On Photography,"Photography, Nonfiction, Art, Essays, Philosophy, Theory, Classics","January 1, 1973",Susan Sontag
Color and Light: A Guide for the Realist Painter (Volume 2),"Art, Nonfiction, Drawing, Reference, Art Design, Design, Education","November 9, 2010",James Gurney
History of Beauty,"Art, Nonfiction, History, Philosophy, Art History, Italy, Italian Literature","October 6, 2004",Umberto Eco
The War of Art,"Nonfiction, Writing, Self Help, Art, Business, Personal Development, Psychology","January 1, 2002",Steven Pressfield
The Diary of Frida Kahlo: An Intimate Self-Portrait,"Art, Nonfiction, Biography, Memoir, Feminism, Biography Memoir, Art History","January 1, 1995",Frida Kahlo
Interaction of Color,"Art, Design, Nonfiction, Art Design, Reference, Architecture, Art History","January 1, 1971",Josef Albers
Understanding Comics: The Invisible Art,"Comics, Nonfiction, Graphic Novels, Art, Design, Graphic Novels Comics, Writing","August 1, 1993",Scott McCloud
Leonardo da Vinci,"Biography, Nonfiction, History, Art, Science, Audiobook, Biography Memoir","October 17, 2017",Walter Isaacson
Van Gogh: The Complete Paintings,"Art, Nonfiction, Art History, History, Biography, Reference, Art Design","January 1, 1988",Ingo F. Walther
Color: A Natural History of the Palette,"Nonfiction, Art, History, Science, Travel, Art History, Microhistory","January 1, 2003",Victoria Finlay
Art Through the Ages,"Art, Art History, History, Nonfiction, Reference, Textbooks, School","January 1, 1926",Fred S. Kleiner
The Secret Lives of Color,"Nonfiction, Art, History, Design, Science, Art History, Essays","October 20, 2016",Kassia St. Clair
M.C. Escher: The Graphic Work,"Art, Nonfiction, Design, Reference, Art History, Biography, Art Design","January 1, 1954",M.C. Escher
Just Kids,"Nonfiction, Memoir, Music, Biography, Art, Autobiography, Biography Memoir","January 19, 2010",Patti Smith
What Are You Looking At?: 150 Years of Modern Art in a Nutshell,"Art, Nonfiction, History, Art History, Design, Art Design, Contemporary","September 6, 2012",Will Gompertz
Show Your Work!: 10 Ways to Share Your Creativity and Get Discovered,"Nonfiction, Art, Self Help, Business, Design, Writing, Productivity","March 6, 2014",Austin Kleon
Figure Drawing for All It's Worth,"Art, Drawing, Nonfiction, Reference, Art Design, Design, Classics","June 1, 1943",Andrew Loomis
History of Art,"Art, History, Nonfiction, Art History, Reference, Classics, Textbooks","January 1, 1962",H.W. Janson
The Art Spirit,"Art, Nonfiction, Philosophy, Art History, Reference, Art Design, Essays","November 30, 1929",Robert Henri
The Creative Act: A Way of Being,"Nonfiction, Art, Self Help, Philosophy, Music, Writing, Audiobook","January 17, 2023",Rick Rubin
The Lives of the Artists,"Art, History, Biography, Nonfiction, Art History, Classics, Italy","January 1, 1550",Giorgio Vasari
The Shock of the New,"Art, Nonfiction, History, Art History, Design, Art Design, Reference","November 1, 1980",Robert Hughes
The Art Forger,"Fiction, Mystery, Art, Historical Fiction, Audiobook, Contemporary, Adult Fiction","October 23, 2012",Barbara A. Shapiro
The Agony and the Ecstasy,"Historical Fiction, Fiction, Art, Classics, Italy, Historical, Art History","January 1, 1958",Irving Stone
Leonardo's Notebooks,"Art, Nonfiction, History, Classics, Science, Biography, Philosophy","January 1, 1519",Leonardo da Vinci
"The Art Thief: A True Story of Love, Crime, and a Dangerous Obsession","Nonfiction, True Crime, Art, Audiobook, History, Biography, Crime","June 22, 2023",Michael Finkel
Camera Lucida: Reflections on Photography,"Photography, Art, Nonfiction, Philosophy, Theory, Essays, France","February 21, 1980",Roland Barthes
Michelangelo and the Pope's Ceiling,"History, Art, Nonfiction, Biography, Italy, Art History, Religion","December 2, 2002",Ross King
Art Matters: Because Your Imagination Can Change the World,"Nonfiction, Art, Writing, Essays, Audiobook, Graphic Novels, Self Help","November 20, 2018",Neil Gaiman
The Power of Art,"Art, Nonfiction, History, Art History, Philosophy, Biography, Art Design","January 1, 2006",Simon Schama
The Lonely City: Adventures in the Art of Being Alone,"Nonfiction, Memoir, Art, Essays, Psychology, Biography, New York","March 1, 2016",Olivia Laing
The Philosophy of Andy Warhol,"Art, Nonfiction, Philosophy, Biography, Memoir, Autobiography, Art History","January 1, 1975",Andy Warhol
On Ugliness,"Art, Nonfiction, Philosophy, History, Art History, Essays, Italian Literature","January 1, 2007",Umberto Eco
"The Work of Art in the Age of Its Technological Reproducibility, and Other Writings on Media","Philosophy, Art, Nonfiction, Essays, Theory, Photography, Art History","January 1, 1936",Walter Benjamin
"An Illustrated Life: Drawing Inspiration from the Private Sketchbooks of Artists, Illustrators and Designers","Art, Nonfiction, Design, Drawing, Art Design, Reference, Graphic Novels","December 8, 2008",Danny Gregory
The Judgment of Paris: The Revolutionary Decade That Gave the World Impressionism,"Art, History, Nonfiction, Art History, France, Biography, Audiobook","January 10, 2006",Ross King
The Dot,"Picture Books, Art, Childrens, Fiction, Inspirational, Realistic Fiction, School","September 15, 2003",Peter H. Reynolds
Steve Jobs,"Biography, Nonfiction, Business, Technology, Audiobook, History, Biography Memoir","October 1, 2011",Walter Isaacson
The Diary of a Young Girl,"Nonfiction, Biography, Memoir, Classics, Historical, Holocaust, Autobiography","January 1, 1947",Anne Frank
Becoming,"Nonfiction, Memoir, Biography, Audiobook, Autobiography, Politics, Biography Memoir","November 13, 2018",Michelle Obama
"Elon Musk: Tesla, SpaceX, and the Quest for a Fantastic Future","Biography, Nonfiction, Business, Science, Audiobook, Technology, Biography Memoir","March 3, 2015",Ashlee Vance
Educated,"Nonfiction, Memoir, Biography, Audiobook, Biography Memoir, Autobiography, Book Club","February 20, 2018",Tara Westover
"Unbroken: A World War II Story of Survival, Resilience and Redemption","Nonfiction, History, Biography, World War II, War, Historical, Audiobook","November 16, 2010",Laura Hillenbrand
Einstein: His Life and Universe,"Biography, Nonfiction, Science, History, Physics, Biography Memoir, Audiobook","April 10, 2007",Walter Isaacson
John Adams,"History, Biography, Nonfiction, American History, Presidents, Politics, Historical","May 1, 2001",David McCullough
Alexander Hamilton,"History, Biography, Nonfiction, American History, Politics, Audiobook, Historical","April 26, 2004",Ron Chernow
Born a Crime: Stories From a South African Childhood,"Nonfiction, Memoir, Biography, Audiobook, Humor, Autobiography, Africa","November 15, 2016",Trevor Noah
The Immortal Life of Henrietta Lacks,"Nonfiction, Science, History, Biography, Audiobook, Medicine, Medical","February 2, 2010",Rebecca Skloot
Leonardo da Vinci,"Biography, Nonfiction, History, Art, Science, Audiobook, Biography Memoir","October 17, 2017",Walter Isaacson
The Autobiography of Malcolm X,"Nonfiction, Biography, History, Memoir, Autobiography, Race, Classics","October 29, 1965",Malcolm X
Into the Wild,"Nonfiction, Biography, Adventure, Classics, Memoir, Nature, School","January 13, 1996",Jon Krakauer
Bossypants,"Nonfiction, Memoir, Biography, Audiobook, Comedy, Autobiography, Humor","April 5, 2011",Tina Fey
I Am Malala: The Story of the Girl Who Stood Up for Education and Was Shot by the Taliban,"Nonfiction, Biography, Memoir, Feminism, Autobiography, Audiobook, History","November 1, 2012",Malala Yousafzai
Benjamin Franklin: An American Life,"Biography, History, Nonfiction, American History, Biography Memoir, Politics, Audiobook","July 1, 2003",Walter Isaacson
"""Surely You're Joking, Mr. Feynman!"": Adventures of a Curious Character","Science, Nonfiction, Biography, Physics, Memoir, Autobiography, History","January 1, 1985",Richard P. Feynman
Shoe Dog: A Memoir by the Creator of Nike,"Business, Biography, Nonfiction, Memoir, Audiobook, Sports, Autobiography","April 24, 2016",Phil Knight
When Breath Becomes Air,"Nonfiction, Memoir, Biography, Medicine, Audiobook, Medical, Autobiography","January 12, 2016",Paul Kalanithi
A Promised Land,"Nonfiction, Biography, Memoir, Politics, Audiobook, History, Autobiography","November 17, 2020",Barack Obama
Night,"Nonfiction, Classics, Memoir, Holocaust, Biography, School, Historical","January 1, 1956",Elie Wiesel
I Know Why the Caged Bird Sings,"Nonfiction, Classics, Memoir, Biography, Autobiography, Poetry, Feminism","January 1, 1969",Maya Angelou
The Glass Castle,"Nonfiction, Memoir, Biography, Biography Memoir, Autobiography, Audiobook, Book Club","January 1, 2005",Jeannette Walls
Washington: A Life,"Biography, History, Nonfiction, Presidents, American History, Politics, Audiobook","January 5, 2010",Ron Chernow
Team of Rivals: The Political Genius of Abraham Lincoln,"History, Nonfiction, Biography, Politics, American History, Civil War, Presidents","October 25, 2005",Doris Kearns Goodwin
Cleopatra: A Life,"History, Biography, Nonfiction, Egypt, Historical, Biography Memoir, Audiobook","November 1, 2010",Stacy Schiff
Yes Please,"Nonfiction, Memoir, Humor, Audiobook, Biography, Comedy, Autobiography","October 28, 2014",Amy Poehler
The Autobiography of Benjamin Franklin,"Biography, History, Nonfiction, Classics, Autobiography, Memoir, American History","January 1, 1791",Benjamin Franklin
"Bonhoeffer: Pastor, Martyr, Prophet, Spy","Biography, History, Nonfiction, Christian, Christianity, Biography Memoir, Theology","April 18, 2010",Eric Metaxas
The Rise of Theodore Roosevelt,"Biography, History, Nonfiction, Presidents, Politics, American History, Biography Memoir","March 30, 1979",Edmund Morris
Catherine the Great: Portrait of a Woman,"History, Biography, Nonfiction, Russia, Historical, Biography Memoir, Audiobook","November 8, 2011",Robert K. Massie
Man’s Search for Meaning,"Nonfiction, Psychology, Philosophy, Self Help, Memoir, Biography, Audiobook","January 1, 1946",Viktor E. Frankl
"Titan: The Life of John D. Rockefeller, Sr.","Biography, History, Nonfiction, Business, American History, Audiobook, Biography Memoir","May 5, 1998",Ron Chernow
The Hiding Place: The Triumphant True Story of Corrie Ten Boom,"Nonfiction, Biography, History, Christian, Memoir, Classics, Holocaust","January 1, 1971",Corrie ten Boom
Long Walk to Freedom,"Biography, Nonfiction, History, Africa, Memoir, Autobiography, Politics","January 1, 1994",Nelson Mandela
Angela’s Ashes,"Nonfiction, Memoir, Biography, Classics, Ireland, Autobiography, Biography Memoir","September 5, 1996",Frank McCourt
American Prometheus: The Triumph and Tragedy of J. Robert Oppenheimer,"Biography, History, Nonfiction, Science, Audiobook, Politics, Biography Memoir","April 5, 2005",Kai Bird
Hillbilly Elegy: A Memoir of a Family and Culture in Crisis,"Nonfiction, Memoir, Biography, Audiobook, Politics, Biography Memoir, Sociology","June 28, 2016",J.D. Vance
Wild: From Lost to Found on the Pacific Crest Trail,"Nonfiction, Memoir, Travel, Biography, Adventure, Audiobook, Biography Memoir","March 20, 2012",Cheryl Strayed
The Wright Brothers,"History, Biography, Nonfiction, Audiobook, American History, Aviation, Historical","March 20, 2015",David McCullough
Grant,"History, Biography, Nonfiction, Civil War, Presidents, American History, Politics","October 10, 2017",Ron Chernow
Dreams from My Father: A Story of Race and Inheritance,"Nonfiction, Biography, Memoir, Politics, Autobiography, Audiobook, History","July 1, 1995",Barack Obama
Greenlights,"Nonfiction, Audiobook, Memoir, Biography, Autobiography, Biography Memoir, Self Help","October 20, 2020",Matthew McConaughey
Narrative of the Life of Frederick Douglass,"Nonfiction, History, Classics, Biography, Memoir, School, Autobiography","January 1, 1845",Frederick Douglass
Spare,"Nonfiction, Memoir, Audiobook, Biography, Autobiography, Biography Memoir, Adult","January 10, 2023",Prince Harry
Tuesdays with Morrie,"Nonfiction, Memoir, Biography, Classics, Philosophy, Inspirational, Self Help","August 18, 1997",Mitch Albom
Kitchen Confidential: Adventures in the Culinary Underbelly,"Nonfiction, Memoir, Food, Biography, Audiobook, Cooking, Autobiography","August 1, 2000",Anthony Bourdain
Notorious RBG: The Life and Times of Ruth Bader Ginsburg,"Nonfiction, Biography, Feminism, History, Politics, Audiobook, Biography Memoir","October 27, 2015",Irin Carmon
Just Kids,"Nonfiction, Memoir, Music, Biography, Art, Autobiography, Biography Memoir","January 19, 2010",Patti Smith
Good to Great: Why Some Companies Make the Leap... and Others Don't,"Business, Nonfiction, Leadership, Management, Self Help, Buisness, Entrepreneurship","November 1, 2001",Jim Collins
"Zero to One: Notes on Startups, or How to Build the Future","Business, Nonfiction, Entrepreneurship, Self Help, Economics, Technology, Management","September 16, 2014",Peter Thiel
The Lean Startup (Hardcover),"Business, Nonfiction, Entrepreneurship, Management, Leadership, Buisness, Self Help","January 1, 2011",Eric Ries
How to Win Friends & Influence People,"Self Help, Nonfiction, Business, Psychology, Personal Development, Leadership, Communication","October 1, 1936",Dale Carnegie
The 4-Hour Workweek,"Business, Nonfiction, Self Help, Productivity, Personal Development, Finance, Entrepreneurship","June 25, 2007",Timothy Ferriss
Start with Why: How Great Leaders Inspire Everyone to Take Action,"Business, Leadership, Nonfiction, Self Help, Personal Development, Management, Psychology","January 1, 2009",Simon Sinek
The Hard Thing About Hard Things: Building a Business When There Are No Easy Answers,"Business, Nonfiction, Entrepreneurship, Management, Leadership, Self Help, Buisness","October 1, 2014",Ben Horowitz
"Rich Dad, Poor Dad","Business, Finance, Nonfiction, Self Help, Money, Personal Finance, Personal Development","April 8, 1997",Robert T. Kiyosaki
The 7 Habits of Highly Effective People: Powerful Lessons in Personal Change,"Self Help, Nonfiction, Business, Personal Development, Psychology, Leadership, Productivity","January 1, 1989",Stephen R. Covey
Rework,"Business, Nonfiction, Entrepreneurship, Self Help, Management, Productivity, Leadership","January 1, 2010",Jason Fried
Never Split the Difference: Negotiating as if Your Life Depended on It,"Business, Nonfiction, Psychology, Self Help, Communication, Personal Development, Audiobook","May 17, 2016",Chris Voss
The E-myth Revisited,"Business, Nonfiction, Entrepreneurship, Self Help, Buisness, Leadership, Management","September 1, 1985",Michael E. Gerber
The Tipping Point: How Little Things Can Make a Big Difference,"Nonfiction, Business, Psychology, Self Help, Sociology, Science, Audiobook","January 1, 2002",Malcolm Gladwell
Shoe Dog: A Memoir by the Creator of Nike,"Business, Biography, Nonfiction, Memoir, Audiobook, Sports, Autobiography","April 24, 2016",Phil Knight
Outliers: The Story of Success,"Nonfiction, Psychology, Business, Self Help, Sociology, Audiobook, Science","November 18, 2008",Malcolm Gladwell
The Innovator's Dilemma: The Revolutionary Book that Will Change the Way You Do Business,"Business, Nonfiction, Entrepreneurship, Management, Leadership, Technology, Buisness","January 1, 1997",Clayton M. Christensen
Blue Ocean Strategy: How to Create Uncontested Market Space and Make the Competition Irrelevant,"Business, Nonfiction, Entrepreneurship, Management, Buisness, Leadership, Economics","January 1, 2004",W. Chan Kim
Think and Grow Rich,"Self Help, Business, Nonfiction, Finance, Personal Development, Psychology, Personal Finance","January 1, 1937",Napoleon Hill
Influence: The Psychology of Persuasion,"Psychology, Business, Nonfiction, Self Help, Leadership, Personal Development, Communication","January 1, 1984",Robert B. Cialdini
Freakonomics: A Rogue Economist Explores the Hidden Side of Everything,"Nonfiction, Economics, Business, Science, Psychology, Sociology, Finance","April 12, 2005",Steven D. Levitt
The Personal MBA: Master the Art of Business,"Business, Nonfiction, Self Help, Finance, Management, Entrepreneurship, Personal Development","December 1, 2010",Josh Kaufman
The Power of Habit: Why We Do What We Do in Life and Business,"Nonfiction, Self Help, Psychology, Business, Personal Development, Productivity, Audiobook","April 25, 2012",Charles Duhigg
The Five Dysfunctions of a Team,"Business, Leadership, Nonfiction, Management, Self Help, Personal Development, Audiobook","April 11, 2002",Patrick Lencioni
Built to Last: Successful Habits of Visionary Companies,"Business, Nonfiction, Leadership, Management, Entrepreneurship, Buisness, Self Help","September 16, 1994",Jim Collins
Made to Stick: Why Some Ideas Survive and Others Die,"Business, Nonfiction, Psychology, Leadership, Self Help, Communication, Design","December 18, 2006",Chip Heath
"Creativity, Inc.: Overcoming the Unseen Forces That Stand in the Way of True Inspiration","Business, Nonfiction, Leadership, Biography, Management, Audiobook, Self Help","September 1, 2014",Ed Catmull
Steve Jobs,"Biography, Nonfiction, Business, Technology, Audiobook, History, Biography Memoir","October 1, 2011",Walter Isaacson
The Intelligent Investor,"Finance, Business, Nonfiction, Economics, Money, Personal Finance, Self Help","January 1, 1949",Benjamin Graham
Bad Blood: Secrets and Lies in a Silicon Valley Startup,"Nonfiction, Business, True Crime, Audiobook, Science, Crime, Biography","May 21, 2018",John Carreyrou
"Thinking, Fast and Slow","Nonfiction, Psychology, Self Help, Business, Personal Development, Philosophy, Audiobook","October 25, 2011",Daniel Kahneman
"Lean In: Women, Work, and the Will to Lead","Nonfiction, Business, Feminism, Self Help, Leadership, Audiobook, Womens","July 7, 2013",Sheryl Sandberg
Getting Things Done: The Art of Stress-Free Productivity,"Nonfiction, Productivity, Business, Self Help, Personal Development, Psychology, Management","January 1, 2001",David    Allen
The Goal: A Process of Ongoing Improvement,"Business, Nonfiction, Management, Leadership, Self Help, Productivity, Buisness","January 1, 1984",Eliyahu M. Goldratt
Getting to Yes: Negotiating Agreement Without Giving In,"Business, Nonfiction, Psychology, Self Help, Leadership, Communication, Management","January 1, 1981",Roger Fisher
Who Moved My Cheese? An Amazing Way to Deal with Change in Your Work and in Your Life...,"Nonfiction, Self Help, Business, Psychology, Leadership, Personal Development, Management","January 1, 1999",Spencer Johnson
"The $100 Startup: Reinvent the Way You Make a Living, Do What You Love, and Create a New Future","Business, Nonfiction, Entrepreneurship, Self Help, Finance, Buisness, Personal Development","May 24, 2012",Chris Guillebeau
The Everything Store: Jeff Bezos and the Age of Amazon,"Business, Biography, Nonfiction, Technology, Entrepreneurship, Audiobook, Management","October 15, 2013",Brad Stone
Drive: The Surprising Truth About What Motivates Us,"Nonfiction, Business, Psychology, Leadership, Self Help, Personal Development, Management","December 29, 2009",Daniel H. Pink
"Delivering Happiness: A Path to Profits, Passion, and Purpose","Business, Nonfiction, Leadership, Biography, Entrepreneurship, Management, Self Help","January 1, 2010",Tony Hsieh
Principles: Life and Work,"Business, Nonfiction, Self Help, Finance, Leadership, Personal Development, Philosophy","September 19, 2017",Ray Dalio
"Elon Musk: Tesla, SpaceX, and the Quest for a Fantastic Future","Biography, Nonfiction, Business, Science, Audiobook, Technology, Biography Memoir","March 3, 2015",Ashlee Vance
Business Model Generation,"Business, Entrepreneurship, Nonfiction, Management, Design, Buisness, Leadership","August 20, 2010",Alexander Osterwalder
Deep Work: Rules for Focused Success in a Distracted World,"Nonfiction, Self Help, Productivity, Business, Psychology, Personal Development, Audiobook","January 5, 2016",Cal Newport
Measure What Matters,"Business, Nonfiction, Management, Leadership, Productivity, Entrepreneurship, Audiobook","September 5, 2017",John Doerr
Blink: The Power of Thinking Without Thinking,"Nonfiction, Psychology, Business, Self Help, Science, Audiobook, Sociology","January 11, 2005",Malcolm Gladwell
Purple Cow: Transform Your Business by Being Remarkable,"Business, Nonfiction, Entrepreneurship, Self Help, Buisness, Audiobook, Leadership","May 12, 2003",Seth Godin
Crossing the Chasm: Marketing and Selling High-Tech Products to Mainstream Customers,"Business, Nonfiction, Entrepreneurship, Management, Technology, Buisness, Leadership","August 1, 2006",Geoffrey A. Moore
The One Minute Manager,"Business, Leadership, Nonfiction, Management, Self Help, Personal Development, Productivity","January 1, 1981",Kenneth H. Blanchard
Business adventures,"Business, Nonfiction, Finance, Economics, History, Buisness, Entrepreneurship","August 14, 1969",John Brooks
Hooked: How to Build Habit-Forming Products,"Business, Nonfiction, Design, Psychology, Self Help, Entrepreneurship, Technology","December 25, 2013",Nir   Eyal
Charlotte’s Web,"Fiction, Childrens, Classics, Fantasy, Young Adult, Middle Grade, Animals","October 15, 1952",E.B. White
Harry Potter and the Sorcerer’s Stone,"Fantasy, Fiction, Young Adult, Magic, Childrens, Middle Grade, Audiobook","June 26, 1997",J.K. Rowling
The Giving Tree,"Childrens, Classics, Fiction, Picture Books, Poetry, Young Adult, Fantasy","January 1, 1964",Shel Silverstein
Matilda,"Fiction, Childrens, Fantasy, Middle Grade, Young Adult, Classics, Audiobook","September 28, 1988",Roald Dahl
"The Lion, the Witch and the Wardrobe","Fantasy, Fiction, Young Adult, Childrens, Classics, Middle Grade, Adventure","October 16, 1950",C.S. Lewis
Charlie and the Chocolate Factory,"Fiction, Fantasy, Childrens, Young Adult, Middle Grade, Classics, Humor","January 17, 1964",Roald Dahl
Green Eggs and Ham,"Childrens, Picture Books, Classics, Fiction, Poetry, Fantasy, Humor","August 12, 1960",Dr. Seuss
The Little Prince,"Fiction, Fantasy, Childrens, France, Philosophy, Young Adult, Literature","January 1, 1943",Antoine de Saint-Exupéry
Harry Potter and the Chamber of Secrets,"Fantasy, Fiction, Young Adult, Magic, Childrens, Middle Grade, Audiobook","July 2, 1998",J.K. Rowling
Harry Potter and the Prisoner of Azkaban,"Fantasy, Fiction, Young Adult, Magic, Childrens, Audiobook, Middle Grade","July 8, 1999",J.K. Rowling
Where the Sidewalk Ends,"Childrens, Classics, Fiction, Humor, Young Adult, Picture Books, Poetry","January 1, 1974",Shel Silverstein
The Secret Garden,"Fiction, Classics, Childrens, Young Adult, Historical Fiction, Middle Grade, Audiobook","August 1, 1911",Frances Hodgson Burnett
The Cat in the Hat,"Childrens, Picture Books, Fiction, Poetry, Classics, Fantasy, Humor","March 12, 1957",Dr. Seuss
Harry Potter and the Goblet of Fire,"Fantasy, Fiction, Young Adult, Magic, Childrens, Audiobook, Middle Grade","July 8, 2000",J.K. Rowling
James and the Giant Peach,"Childrens, Fantasy, Fiction, Classics, Young Adult, Middle Grade, Adventure","November 1, 1961",Roald Dahl
Harry Potter and the Order of the Phoenix,"Fantasy, Young Adult, Fiction, Magic, Childrens, Audiobook, Adventure","June 21, 2003",J.K. Rowling
Harry Potter and the Half-Blood Prince,"Fantasy, Fiction, Young Adult, Magic, Childrens, Audiobook, Adventure","July 16, 2005",J.K. Rowling
A Wrinkle in Time,"Fantasy, Fiction, Classics, Young Adult, Science Fiction, Childrens, Middle Grade","January 1, 1962",Madeleine L'Engle
Harry Potter and the Deathly Hallows,"Fantasy, Young Adult, Fiction, Magic, Childrens, Audiobook, Adventure","July 21, 2007",J.K. Rowling
The Very Hungry Caterpillar,"Picture Books, Childrens, Fiction, Animals, Classics, Food, Counting","June 3, 1969",Eric Carle
The BFG,"Fantasy, Childrens, Fiction, Middle Grade, Young Adult, Humor, Adventure","November 1, 1982",Roald Dahl
Winnie-the-Pooh,"Childrens, Fiction, Classics, Fantasy, Animals, Middle Grade, Audiobook","October 14, 1926",A.A. Milne
How the Grinch Stole Christmas!,"Childrens, Picture Books, Christmas, Classics, Fiction, Poetry, Fantasy","October 12, 1957",Dr. Seuss
The Witches,"Fantasy, Childrens, Fiction, Classics, Middle Grade, Young Adult, Witches","September 28, 1981",Roald Dahl
Goodnight Moon,"Childrens, Picture Books, Classics, Fiction, Poetry, Kids, Animals","September 3, 1947",Margaret Wise Brown
"Oh, the Places You’ll Go!","Childrens, Picture Books, Fiction, Classics, Poetry, Fantasy, Young Adult","January 22, 1990",Dr. Seuss
Anne of Green Gables,"Classics, Fiction, Young Adult, Historical Fiction, Childrens, Middle Grade, Audiobook","January 1, 1908",L.M. Montgomery
The Bad Beginning,"Fiction, Young Adult, Fantasy, Childrens, Middle Grade, Mystery, Adventure","August 25, 1999",Lemony Snicket
The Wonderful Wizard of Oz,"Classics, Fantasy, Fiction, Childrens, Young Adult, Adventure, Audiobook","May 17, 1900",L. Frank Baum
Alice’s Adventures in Wonderland / Through the Looking-Glass,"Fantasy, Fiction, Classics, Childrens, Young Adult, Literature, Adventure","December 27, 1871",Lewis Carroll
The Magician’s Nephew,"Fantasy, Fiction, Young Adult, Childrens, Middle Grade, Christian, Adventure","May 2, 1955",C.S. Lewis
Peter Pan,"Fantasy, Fiction, Childrens, Classics, Adventure, Young Adult, Audiobook","January 1, 1911",J.M. Barrie
The Velveteen Rabbit,"Classics, Childrens, Fiction, Picture Books, Fantasy, Animals, Young Adult","January 1, 1922",Margery Williams Bianco
Coraline,"Fantasy, Horror, Fiction, Young Adult, Middle Grade, Childrens, Audiobook","July 2, 2002",Neil Gaiman
The Lorax,"Childrens, Picture Books, Fiction, Classics, Poetry, Fantasy, Environment","January 1, 1971",Dr. Seuss
The Wind in the Willows,"Classics, Fiction, Childrens, Fantasy, Animals, Young Adult, Middle Grade","October 8, 1908",Kenneth Grahame
The Phantom Tollbooth,"Fantasy, Fiction, Classics, Childrens, Young Adult, Middle Grade, Adventure","January 1, 1961",Norton Juster
Bridge to Terabithia,"Fiction, Young Adult, Classics, Fantasy, Childrens, Middle Grade, Realistic Fiction","October 21, 1977",Katherine Paterson
Prince Caspian,"Fantasy, Classics, Fiction, Young Adult, Childrens, Middle Grade, Adventure","October 15, 1951",C.S. Lewis
The Lightning Thief,"Fantasy, Young Adult, Mythology, Fiction, Middle Grade, Adventure, Greek Mythology","July 28, 2005",Rick Riordan
A Light in the Attic,"Poetry, Childrens, Classics, Fiction, Humor, Young Adult, Picture Books","October 7, 1981",Shel Silverstein
"One Fish, Two Fish, Red Fish, Blue Fish","Childrens, Picture Books, Fiction, Classics, Poetry, Animals, Fantasy","May 14, 1960",Dr. Seuss
The Voyage of the Dawn Treader,"Fantasy, Fiction, Young Adult, Childrens, Adventure, Christian, Middle Grade","September 15, 1952",C.S. Lewis
Holes,"Young Adult, Fiction, Middle Grade, Childrens, Classics, School, Realistic Fiction","August 20, 1998",Louis Sachar
The Horse and His Boy,"Fantasy, Fiction, Young Adult, Childrens, Christian, Adventure, Middle Grade","September 6, 1954",C.S. Lewis
The Tale of Peter Rabbit,"Childrens, Classics, Picture Books, Fiction, Animals, Fantasy, Short Stories","January 1, 1902",Beatrix Potter
Little House in the Big Woods,"Classics, Historical Fiction, Childrens, Fiction, Young Adult, Historical, Middle Grade","January 1, 1932",Laura Ingalls Wilder
A Little Princess,"Classics, Fiction, Childrens, Young Adult, Historical Fiction, Middle Grade, Historical","January 1, 1905",Frances Hodgson Burnett
Little House on the Prairie,"Classics, Historical Fiction, Childrens, Fiction, Young Adult, Historical, Middle Grade","January 1, 1935",Laura Ingalls Wilder
Pippi Longstocking,"Classics, Childrens, Fiction, Middle Grade, Fantasy, Young Adult, Humor","January 1, 1945",Astrid Lindgren
Mere Christianity,"Christian, Nonfiction, Theology, Christianity, Classics, Philosophy, Faith","January 1, 1952",C.S. Lewis
The Screwtape Letters,"Fiction, Christian, Classics, Religion, Christianity, Fantasy, Theology","February 1, 1942",C.S. Lewis
The Shack: Where Tragedy Confronts Eternity,"Fiction, Christian, Christian Fiction, Spirituality, Faith, Religion, Inspirational","May 1, 2007",William Paul Young
The Great Divorce,"Christian, Fiction, Religion, Classics, Theology, Christianity, Fantasy","January 1, 1946",C.S. Lewis
Crazy Love: Overwhelmed by a Relentless God,"Christian, Nonfiction, Faith, Christianity, Christian Living, Religion, Theology","May 1, 2008",Francis Chan
"The Lion, the Witch and the Wardrobe","Fantasy, Fiction, Young Adult, Childrens, Classics, Middle Grade, Adventure","October 16, 1950",C.S. Lewis
Redeeming Love,"Christian Fiction, Romance, Christian, Fiction, Historical Fiction, Historical, Historical Romance","January 1, 1991",Francine Rivers
The Case for Christ,"Christian, Nonfiction, Religion, Christianity, Faith, Theology, Spirituality","February 6, 1998",Lee Strobel
The Purpose Driven Life: What on Earth Am I Here for?,"Christian, Nonfiction, Religion, Self Help, Spirituality, Christianity, Faith","January 1, 2002",Rick Warren
The Pilgrim's Progress,"Fiction, Christian, Christian Fiction, Christianity, Classics, Theology, Literature","February 18, 1678",John Bunyan
The Hiding Place: The Triumphant True Story of Corrie Ten Boom,"Nonfiction, Biography, History, Christian, Memoir, Classics, Holocaust","January 1, 1971",Corrie ten Boom
The Problem of Pain,"Christian, Nonfiction, Theology, Religion, Christianity, Philosophy, Faith","January 1, 1940",C.S. Lewis
Left Behind,"Fiction, Christian, Christian Fiction, Fantasy, Religion, Thriller, Christianity","September 29, 1995",Tim LaHaye
The Reason for God: Belief in an Age of Skepticism,"Christian, Theology, Religion, Nonfiction, Christianity, Faith, Philosophy","February 14, 2008",Timothy J. Keller
Heaven is for Real: A Little Boy's Astounding Story of His Trip to Heaven and Back,"Nonfiction, Christian, Religion, Inspirational, Memoir, Spirituality, Biography","November 2, 2010",Todd Burpo
The Pursuit of God: The Human Thirst for the Divine,"Christian, Theology, Nonfiction, Christianity, Christian Living, Religion, Faith","January 1, 1948",A.W. Tozer
The Four Loves,"Christian, Nonfiction, Theology, Religion, Philosophy, Christianity, Faith","January 1, 1960",C.S. Lewis
The Magician’s Nephew,"Fantasy, Fiction, Young Adult, Childrens, Middle Grade, Christian, Adventure","May 2, 1955",C.S. Lewis
Knowing God,"Christian, Theology, Christianity, Nonfiction, Christian Living, Faith, Religion","January 1, 1973",J.I. Packer
A Grief Observed,"Nonfiction, Christian, Religion, Christianity, Theology, Memoir, Classics","January 1, 1961",C.S. Lewis
Gentle and Lowly: The Heart of Christ for Sinners and Sufferers,"Christian, Theology, Nonfiction, Faith, Christian Living, Christianity, Religion","April 1, 2020",Dane C. Ortlund
The 5 Love Languages: The Secret to Love that Lasts,"Relationships, Nonfiction, Marriage, Christian, Self Help, Personal Development, Love","January 1, 1990",Gary Chapman
Prince Caspian,"Fantasy, Classics, Fiction, Young Adult, Childrens, Middle Grade, Adventure","October 15, 1951",C.S. Lewis
The Horse and His Boy,"Fantasy, Fiction, Young Adult, Childrens, Christian, Adventure, Middle Grade","September 6, 1954",C.S. Lewis
The Voyage of the Dawn Treader,"Fantasy, Fiction, Young Adult, Childrens, Adventure, Christian, Middle Grade","September 15, 1952",C.S. Lewis
Radical: Taking Back Your Faith from the American Dream,"Christian, Nonfiction, Christian Living, Christianity, Faith, Theology, Religion","January 1, 2010",David     Platt
Blue Like Jazz: Nonreligious Thoughts on Christian Spirituality,"Nonfiction, Christian, Religion, Christianity, Faith, Spirituality, Memoir","July 15, 2003",Donald Miller
The Silver Chair,"Fantasy, Fiction, Young Adult, Childrens, Christian, Adventure, Middle Grade","September 7, 1953",C.S. Lewis
The Last Battle,"Fantasy, Fiction, Classics, Young Adult, Childrens, Christian, Adventure","September 4, 1956",C.S. Lewis
Love Does: Discover a Secretly Incredible Life in an Ordinary World,"Christian, Nonfiction, Faith, Christianity, Self Help, Christian Living, Religion","January 1, 2012",Bob       Goff
The Cost of Discipleship,"Christian, Theology, Christianity, Religion, Nonfiction, Faith, Christian Living","January 1, 1937",Dietrich Bonhoeffer
The Meaning of Marriage: Facing the Complexities of Commitment with the Wisdom of God,"Christian, Marriage, Nonfiction, Christianity, Faith, Relationships, Theology","November 1, 2011",Timothy J. Keller
The Ruthless Elimination of Hurry: How to Stay Emotionally Healthy and Spiritually Alive in the Chaos of the Modern World,"Christian, Nonfiction, Faith, Self Help, Christian Living, Christianity, Theology","October 29, 2019",John Mark Comer
A Voice in the Wind,"Christian Fiction, Historical Fiction, Christian, Fiction, Romance, Historical, Historical Romance","March 1, 1993",Francine Rivers
This Present Darkness,"Christian Fiction, Fiction, Christian, Fantasy, Thriller, Religion, Faith","January 1, 1986",Frank E. Peretti
Surprised by Joy: The Shape of My Early Life,"Christian, Biography, Nonfiction, Christianity, Memoir, Theology, Faith","January 1, 1955",C.S. Lewis
Captivating: Unveiling the Mystery of a Woman's Soul,"Christian, Nonfiction, Faith, Christianity, Spirituality, Christian Living, Religion","April 7, 2004",John Eldredge
The Chronicles of Narnia,"Fantasy, Classics, Fiction, Young Adult, Childrens, Christian, Middle Grade","January 1, 1956",C.S. Lewis
Forgotten God: Reversing Our Tragic Neglect of the Holy Spirit,"Christian, Nonfiction, Theology, Christianity, Faith, Christian Living, Religion","January 1, 2009",Francis Chan
Wild at Heart: Discovering the Secret of a Man's Soul,"Christian, Nonfiction, Christianity, Religion, Christian Living, Faith, Spirituality","April 1, 2001",John Eldredge
The Prodigal God: Recovering the Heart of the Christian Faith,"Christian, Theology, Nonfiction, Christianity, Faith, Christian Living, Religion","January 1, 2008",Timothy J. Keller
"Seeking Allah, Finding Jesus: A Devout Muslim Encounters Christianity","Christian, Nonfiction, Biography, Religion, Christianity, Faith, Islam","February 1, 2014",Nabeel Qureshi
Confessions,"Philosophy, Classics, Religion, Theology, Nonfiction, Christian, Biography","January 1, 378",Augustine of Hippo
My Utmost for His Highest,"Christian, Nonfiction, Christianity, Faith, Religion, Christian Living, Theology","November 30, 1926",Oswald Chambers
The Practice of the Presence of God,"Christian, Nonfiction, Religion, Christianity, Spirituality, Faith, Theology","January 1, 1692",Brother Lawrence
The Abolition of Man,"Philosophy, Christian, Nonfiction, Theology, Christianity, Classics, Education","January 1, 1943",C.S. Lewis
Desiring God: Meditations of a Christian Hedonist,"Christian, Theology, Christianity, Christian Living, Nonfiction, Faith, Religion","January 1, 1986",John      Piper
Don't Waste Your Life,"Christian, Christian Living, Theology, Nonfiction, Christianity, Faith, Religion","June 1, 2003",John      Piper
The Holy Bible: King James Version,"Classics, Nonfiction, Christian, Religion, Philosophy, Christianity, History","January 1, 1611",Anonymous
The Weight of Glory,"Christian, Theology, Nonfiction, Christianity, Religion, Classics, Philosophy","January 1, 1949",C.S. Lewis
Jane Eyre,"Classics, Fiction, Historical Fiction, Gothic, Literature, Historical, School","October 16, 1847",Charlotte Brontë
1984,"Classics, Fiction, Science Fiction, Dystopia, Literature, Politics, Novels","June 8, 1949",George Orwell
Wuthering Heights,"Classics, Fiction, Gothic, Historical Fiction, Literature, Historical, 19th Century","December 1, 1847",Emily Brontë
Animal Farm,"Fiction, Dystopia, Fantasy, School, Literature, Science Fiction, Novels","August 17, 1945",George Orwell
The Picture of Dorian Gray,"Classics, Fiction, Horror, Fantasy, Gothic, Literature, Novels","June 1, 1890",Oscar Wilde
The Catcher in the Rye,"Classics, Fiction, Young Adult, Literature, School, Coming Of Age, Novels","July 16, 1951",J.D. Salinger
Sense and Sensibility,"Classics, Fiction, Historical Fiction, Literature, Historical, Audiobook, Classic Literature","October 30, 1811",Jane Austen
Crimen y castigo,"Classics, Fiction, Russia, Russian Literature, Literature, Philosophy, Novels","January 1, 1866",Fyodor Dostoevsky
A Tale of Two Cities,"Classics, Fiction, Historical Fiction, Literature, Historical, School, Novels","November 26, 1859",Charles Dickens
The Count of Monte Cristo,"Historical Fiction, Adventure, Literature, Historical, France, Audiobook, Novels","August 28, 1844",Alexandre Dumas
Great Expectations,"Classics, Fiction, Literature, Historical Fiction, School, Novels, 19th Century","July 30, 1860",Charles Dickens
Brave New World,"Classics, Fiction, Science Fiction, Dystopia, Literature, Novels, School","January 1, 1932",Aldous Huxley
Macbeth,"Classics, Plays, Fiction, School, Read For School, Literature, Theatre","January 1, 1623",William Shakespeare
The Hobbit,"Fantasy, Fiction, Novels, Literature, Magic, Young Adult, Childrens","September 21, 1937",J.R.R. Tolkien
The Old Man and the Sea,"Classics, Fiction, Literature, Novels, School, American, Adventure","September 1, 1952",Ernest Hemingway
The Metamorphosis,"Classics, Fiction, Fantasy, Philosophy, Short Stories, Literature, School","October 1, 1915",Franz Kafka
Northanger Abbey,"Classics, Fiction, Gothic, Historical Fiction, Literature, Audiobook, Historical","December 20, 1817",Jane Austen
Anne of Green Gables,"Classics, Fiction, Young Adult, Historical Fiction, Childrens, Middle Grade, Audiobook","January 1, 1908",L.M. Montgomery
The Grapes of Wrath,"Classics, Fiction, Historical Fiction, Literature, Novels, School, American","April 14, 1939",John Steinbeck
The Stranger,"Classics, Fiction, Philosophy, France, Literature, Novels, French Literature","May 19, 1942",Albert Camus
The Handmaid’s Tale,"Fiction, Classics, Dystopia, Science Fiction, Feminism, Fantasy, Adult","January 1, 1985",Margaret Atwood
"Moby-Dick or, The Whale","Classics, Fiction, Literature, Adventure, Historical Fiction, Novels, American","October 18, 1851",Herman Melville
War and Peace,"Classics, Fiction, Historical Fiction, Russia, Russian Literature, Literature, War","January 1, 1869",Leo Tolstoy
Oliver Twist,"Classics, Fiction, Historical Fiction, Literature, Novels, 19th Century, Classic Literature","January 1, 1838",Charles Dickens
Catch-22,"Classics, Fiction, Historical Fiction, War, Humor, Literature, Novels","November 10, 1961",Joseph Heller
Treasure Island,"Classics, Fiction, Adventure, Historical Fiction, Young Adult, Childrens, Pirates","January 28, 1882",Robert Louis Stevenson
The Fellowship of the Ring,"Fantasy, Classics, Fiction, Adventure, Audiobook, High Fantasy, Science Fiction Fantasy","July 29, 1954",J.R.R. Tolkien
The Outsiders,"Classics, Young Adult, Fiction, School, Read For School, Coming Of Age, Realistic Fiction","April 24, 1967",S.E. Hinton
The Importance of Being Earnest,"Classics, Plays, Fiction, Drama, Humor, School, Literature","February 14, 1895",Oscar Wilde
Othello,"Classics, Plays, Fiction, School, Theatre, Literature, Read For School","January 1, 1603",William Shakespeare
The Giver,"Young Adult, Fiction, Classics, Dystopia, Science Fiction, Fantasy, School","April 26, 1993",Lois Lowry
The Phantom of the Opera,"Classics, Fiction, Horror, Romance, Gothic, Mystery, Historical Fiction","January 1, 1910",Gaston Leroux
The Crucible,"Classics, Plays, Fiction, Historical Fiction, School, Read For School, Historical","May 1, 1946",Arthur Miller
The Wonderful Wizard of Oz,"Classics, Fantasy, Fiction, Childrens, Young Adult, Adventure, Audiobook","May 17, 1900",L. Frank Baum
The Sun Also Rises,"Classics, Fiction, Literature, Novels, Historical Fiction, American, Spain","October 22, 1926",Ernest Hemingway
Gulliver’s Travels,"Classics, Fiction, Fantasy, Adventure, Literature, Novels, 18th Century","January 1, 1726",Jonathan Swift
The Canterbury Tales,"Classics, Fiction, Poetry, Literature, School, Short Stories, Historical Fiction","January 1, 1400",Geoffrey Chaucer
Middlemarch,"Classics, Fiction, Historical Fiction, Literature, 19th Century, Victorian, Novels","January 1, 1872",George Eliot
A Little Princess,"Classics, Fiction, Childrens, Young Adult, Historical Fiction, Middle Grade, Historical","January 1, 1905",Frances Hodgson Burnett
Siddhartha,"Classics, Fiction, Philosophy, Spirituality, Religion, Literature, Buddhism","October 1, 1922",Hermann Hesse
North and South,"Classics, Fiction, Romance, Historical Fiction, Historical, 19th Century, Victorian","January 1, 1855",Elizabeth Gaskell
To the Lighthouse,"Classics, Fiction, Literature, Novels, Literary Fiction, Feminism, 20th Century","May 5, 1927",Virginia Woolf
Around the World in Eighty Days,"Classics, Fiction, Adventure, Science Fiction, France, Travel, Fantasy","January 1, 1872",Jules Verne
The Age of Innocence,"Classics, Fiction, Historical Fiction, Romance, Literature, American, Historical","October 1, 1920",Edith Wharton
Flowers for Algernon,"Fiction, Classics, Science Fiction, Young Adult, Psychology, School, Literature","April 1, 1966",Daniel Keyes
Their Eyes Were Watching God,"Classics, Fiction, Historical Fiction, School, African American, Literature, Feminism","January 1, 1937",Zora Neale Hurston
Inferno,"Classics, Poetry, Fiction, Literature, Religion, Fantasy, School","January 1, 1320",Dante Alighieri
Twenty Thousand Leagues Under the Sea,"Classics, Science Fiction, Fiction, Adventure, Fantasy, France, Literature","January 1, 1869",Jules Verne
A Room with a View,"Classics, Fiction, Romance, Historical Fiction, Italy, Literature, British Literature","January 1, 1908",E.M. Forster
Uncle Tom’s Cabin,"Classics, Fiction, Historical Fiction, Literature, Historical, Novels, American","January 1, 1852",Harriet Beecher Stowe
"Saga, Volume 1","Graphic Novels, Comics, Fantasy, Science Fiction, Fiction, Graphic Novels Comics, Adult","October 10, 2012",Brian K. Vaughan
Preludes & Nocturnes,"Graphic Novels, Comics, Fantasy, Fiction, Horror, Graphic Novels Comics, Comic Book","January 1, 1988",Neil Gaiman
V for Vendetta,"Graphic Novels, Comics, Fiction, Dystopia, Science Fiction, Graphic Novels Comics, Classics","January 14, 1990",Alan             Moore
Batman: The Dark Knight Returns,"Comics, Graphic Novels, Batman, Fiction, Graphic Novels Comics, Comic Book, Dc Comics","January 28, 1986",Frank Miller
"Saga, Volume 2","Comics, Science Fiction, Fiction, Graphic Novels, Graphic Novels Comics, Adult, Romance","June 19, 2013",Brian K. Vaughan
"Fables, Vol. 1: Legends in Exile","Graphic Novels, Comics, Fantasy, Fiction, Graphic Novels Comics, Fairy Tales, Mystery","January 1, 2002",Bill Willingham
"The Sandman, Vol. 2: The Doll's House","Graphic Novels, Comics, Fantasy, Fiction, Horror, Graphic Novels Comics, Comic Book","January 1, 1990",Neil Gaiman
"Saga, Volume 3","Graphic Novels, Comics, Fantasy, Science Fiction, Fiction, Graphic Novels Comics, Adult","March 19, 2014",Brian K. Vaughan
Batman: The Long Halloween,"Comics, Graphic Novels, Batman, Dc Comics, Fiction, Comic Book, Graphic Novels Comics","November 30, 1997",Jeph Loeb
"Saga, Volume 4","Graphic Novels, Comics, Fantasy, Science Fiction, Fiction, Graphic Novels Comics, Adult","December 17, 2014",Brian K. Vaughan
The Complete Maus,"Graphic Novels, Comics, Nonfiction, History, Biography, Memoir, Historical","January 1, 1980",Art Spiegelman
"The Sandman, Vol. 3: Dream Country","Graphic Novels, Comics, Fantasy, Fiction, Horror, Graphic Novels Comics, Comic Book","January 1, 1990",Neil Gaiman
Scott Pilgrim's Precious Little Life,"Graphic Novels, Comics, Fiction, Young Adult, Manga, Graphic Novels Comics, Fantasy","August 18, 2004",Bryan Lee O'Malley
"Y: The Last Man, Vol. 1: Unmanned","Graphic Novels, Comics, Science Fiction, Fiction, Graphic Novels Comics, Dystopia, Comic Book","January 2, 2003",Brian K. Vaughan
"The Walking Dead, Vol. 1: Days Gone Bye","Graphic Novels, Comics, Horror, Zombies, Fiction, Graphic Novels Comics, Post Apocalyptic","May 1, 2004",Robert Kirkman
"The Sandman, Vol. 4: Season of Mists","Graphic Novels, Comics, Fantasy, Fiction, Horror, Graphic Novels Comics, Comic Book","January 1, 1990",Neil Gaiman
"Paper Girls, Volume 1","Graphic Novels, Comics, Science Fiction, Young Adult, Fiction, Graphic Novels Comics, Fantasy","March 30, 2016",Brian K. Vaughan
Nimona,"Graphic Novels, Fantasy, Comics, Young Adult, Fiction, LGBT, Queer","May 12, 2015",N.D. Stevenson
"Hawkeye, Volume 1: My Life as a Weapon","Comics, Graphic Novels, Marvel, Superheroes, Graphic Novels Comics, Fiction, Comic Book","March 13, 2013",Matt Fraction
"Saga, Volume 5","Graphic Novels, Comics, Fantasy, Science Fiction, Fiction, Graphic Novels Comics, Adult","September 9, 2015",Brian K. Vaughan
"Locke & Key, Vol. 1: Welcome to Lovecraft","Graphic Novels, Horror, Comics, Fantasy, Fiction, Graphic Novels Comics, Mystery","September 29, 2008",Joe Hill
"The Wicked + The Divine, Vol. 1: The Faust Act","Graphic Novels, Comics, Fantasy, Mythology, Fiction, Graphic Novels Comics, Urban Fantasy","November 12, 2014",Kieron Gillen
"The Sandman, Vol. 5: A Game of You","Graphic Novels, Comics, Fantasy, Fiction, Horror, Graphic Novels Comics, Comic Book","January 1, 1992",Neil Gaiman
Batman: Arkham Asylum - A Serious House on Serious Earth,"Comics, Graphic Novels, Batman, Dc Comics, Fiction, Horror, Graphic Novels Comics","October 1, 1989",Grant Morrison
Fun Home: A Family Tragicomic,"Graphic Novels, Memoir, Comics, Nonfiction, LGBT, Queer, Biography","June 8, 2006",Alison Bechdel
"Preacher, Volume 1: Gone to Texas","Comics, Graphic Novels, Fantasy, Horror, Fiction, Graphic Novels Comics, Comic Book","January 1, 1995",Garth Ennis
Batman: Hush,"Comics, Graphic Novels, Batman, Dc Comics, Comic Book, Graphic Novels Comics, Fiction","November 25, 2005",Jeph Loeb
Heartstopper: Volume One,"Graphic Novels, Young Adult, LGBT, Queer, Contemporary, Comics, Fiction","January 1, 2018",Alice Oseman
The Complete Persepolis,"Graphic Novels, Nonfiction, Comics, Memoir, Biography, History, Feminism","January 1, 2007",Marjane Satrapi
Blankets,"Graphic Novels, Comics, Fiction, Young Adult, Romance, Graphic Novels Comics, Coming Of Age","July 23, 2003",Craig Thompson
"Monstress, Volume 1: Awakening","Graphic Novels, Fantasy, Comics, Horror, Fiction, Steampunk, Graphic Novels Comics","July 13, 2016",Marjorie M. Liu
Kingdom Come,"Comics, Graphic Novels, Dc Comics, Fiction, Comic Book, Superheroes, Graphic Novels Comics","October 1, 1996",Mark Waid
"Saga, Volume 6","Graphic Novels, Comics, Fantasy, Science Fiction, Fiction, Graphic Novels Comics, Adult","June 29, 2016",Brian K. Vaughan
"The League of Extraordinary Gentlemen, Vol. 1","Graphic Novels, Comics, Fantasy, Fiction, Steampunk, Graphic Novels Comics, Science Fiction","September 1, 2000",Alan             Moore
"The Sandman, Vol. 8: Worlds' End","Graphic Novels, Comics, Fantasy, Fiction, Graphic Novels Comics, Horror, Comic Book","January 1, 1993",Neil Gaiman
Maus I: A Survivor's Tale: My Father Bleeds History,"Graphic Novels, Comics, History, Nonfiction, Memoir, Holocaust, Biography","August 12, 1986",Art Spiegelman
"The Sandman, Vol. 9: The Kindly Ones","Graphic Novels, Comics, Fantasy, Fiction, Horror, Graphic Novels Comics, Comic Book","January 1, 1995",Neil Gaiman
"The Umbrella Academy, Vol. 1:  Apocalypse Suite","Graphic Novels, Comics, Fantasy, Fiction, Science Fiction, Graphic Novels Comics, Superheroes","October 17, 2007",Gerard Way
Superman: Red Son,"Comics, Graphic Novels, Dc Comics, Fiction, Comic Book, Superman, Graphic Novels Comics","January 1, 2003",Mark Millar
"Rat Queens, Vol. 1: Sass & Sorcery","Graphic Novels, Comics, Fantasy, Graphic Novels Comics, Fiction, Humor, Comic Book","March 26, 2014",Kurtis J. Wiebe
"The Sandman, Vol. 7: Brief Lives","Graphic Novels, Comics, Fantasy, Fiction, Graphic Novels Comics, Horror, Comic Book","January 1, 1993",Neil Gaiman
Marvel 1602,"Comics, Graphic Novels, Fantasy, Fiction, Marvel, Historical Fiction, Graphic Novels Comics","October 29, 2003",Neil Gaiman
Civil War: A Marvel Comics Event,"Comics, Graphic Novels, Marvel, Comic Book, Graphic Novels Comics, Superheroes, Fiction","January 1, 2006",Mark Millar
"Lumberjanes, Vol. 1: Beware the Kitten Holy","Graphic Novels, Comics, Fantasy, Young Adult, Fiction, LGBT, Graphic Novels Comics","April 7, 2015",N.D. Stevenson
"Saga, Volume 7","Graphic Novels, Comics, Fantasy, Science Fiction, Fiction, Graphic Novels Comics, Adult","April 4, 2017",Brian K. Vaughan
Scott Pilgrim vs. The World,"Graphic Novels, Comics, Fiction, Young Adult, Graphic Novels Comics, Manga, Fantasy","June 15, 2005",Bryan Lee O'Malley
"Fables, Vol. 2: Animal Farm","Graphic Novels, Comics, Fantasy, Fiction, Graphic Novels Comics, Fairy Tales, Fables","August 1, 2003",Bill Willingham
"The Sandman, Vol. 10: The Wake","Graphic Novels, Comics, Fantasy, Fiction, Graphic Novels Comics, Horror, Comic Book","January 1, 1996",Neil Gaiman
"Transmetropolitan, Vol. 1: Back on the Street","Comics, Graphic Novels, Science Fiction, Fiction, Cyberpunk, Graphic Novels Comics, Comic Book","January 1, 1998",Warren Ellis
"Hellboy, Vol. 1: Seed of Destruction","Comics, Graphic Novels, Horror, Fantasy, Fiction, Graphic Novels Comics, Comic Book","June 1, 1994",Mike Mignola
"Salt, Fat, Acid, Heat: Mastering the Elements of Good Cooking","Cookbooks, Cooking, Food, Nonfiction, Science, Audiobook, Culinary","April 25, 2017",Samin Nosrat
Joy of Cooking,"Cookbooks, Cooking, Food, Nonfiction, Reference, Culinary, Classics","January 1, 1931",Irma S. Rombauer
Mastering the Art of French Cooking,"Cookbooks, Cooking, Food, Nonfiction, Reference, Culinary, France","January 1, 1961",Julia Child
The Smitten Kitchen Cookbook: Recipes and Wisdom from an Obsessive Home Cook,"Cookbooks, Cooking, Food, Nonfiction, Reference, Foodie, Culinary","October 30, 2012",Deb Perelman
How to Cook Everything: Simple Recipes for Great Food,"Cookbooks, Cooking, Food, Nonfiction, Reference, Culinary, How To","January 1, 1998",Mark Bittman
Jerusalem: A Cookbook,"Cookbooks, Cooking, Food, Nonfiction, Reference, Culinary, Cuisine","September 6, 2012",Yotam Ottolenghi
Plenty,"Cookbooks, Cooking, Food, Nonfiction, Reference, Food and Drink, Vegetarian","May 1, 2010",Yotam Ottolenghi
"The Moosewood Cookbook: Recipes from Moosewood Restaurant, Ithaca, New York","Cookbooks, Cooking, Food, Nonfiction, Reference, Vegetarian, Foodie","October 1, 1977",Mollie Katzen
The Oh She Glows Cookbook: Over 100 Vegan Recipes to Glow from the Inside Out,"Cookbooks, Cooking, Food, Nonfiction, Vegan, Health, Reference","December 31, 2013",Angela Liddon
Better Homes and Gardens New Cook Book,"Cookbooks, Cooking, Nonfiction, Food, Reference, Culinary, Classics","January 1, 1953",Better Homes and Gardens
The Food Lab: Better Home Cooking Through Science,"Cookbooks, Cooking, Food, Nonfiction, Reference, Science, Culinary","September 21, 2015",J. Kenji López-Alt
Thug Kitchen: The Official Cookbook: Eat Like You Give a F*ck,"Cookbooks, Cooking, Food, Nonfiction, Vegan, Reference, Health","September 30, 2014",Thug Kitchen
Cravings: Recipes for All the Food You Want to Eat,"Cookbooks, Cooking, Nonfiction, Food, Reference, Foodie, Food and Drink","February 23, 2016",Chrissy Teigen
Keto Diet for Beginners: 30-Day Keto Meal Plan for Rapid Weight Loss.,"Cookbooks, Cooking, Diets, Health, Food, Nonfiction, Science","January 1, 2018",Amy Crenn
Essentials of Classic Italian Cooking,"Cookbooks, Cooking, Food, Nonfiction, Reference, Italy, Italian Literature","January 1, 1976",Marcella Hazan
Veganomicon: The Ultimate Vegan Cookbook,"Cookbooks, Cooking, Food, Vegan, Nonfiction, Reference, Health","January 1, 2007",Isa Chandra Moskowitz
The Pioneer Woman Cooks: Recipes from an Accidental Country Girl,"Cookbooks, Cooking, Nonfiction, Food, Reference, Foodie, Adult","October 27, 2008",Ree Drummond
Barefoot Contessa at Home: Everyday Recipes You'll Make Over and Over Again,"Cookbooks, Cooking, Food, Nonfiction, Reference, Foodie, Culinary","October 24, 2006",Ina Garten
Ottolenghi Simple,"Cookbooks, Cooking, Food, Nonfiction, Reference, Food and Drink, Foodie","September 6, 2018",Yotam Ottolenghi
"The Art of Simple Food: Notes, Lessons, and Recipes from a Delicious Revolution","Cookbooks, Food, Cooking, Nonfiction, Reference, Health, Foodie","October 2, 2007",Alice Waters
"The Flavor Bible: The Essential Guide to Culinary Creativity, Based on the Wisdom of America's Most Imaginative Chefs","Cookbooks, Cooking, Food, Nonfiction, Reference, Culinary, Foodie","January 1, 2008",Andrew Dornenburg
The Barefoot Contessa Cookbook,"Cookbooks, Cooking, Food, Nonfiction, Reference, Foodie, Culinary","April 6, 1999",Ina Garten
How to Be a Domestic Goddess: Baking and the Art of Comfort Cooking,"Cookbooks, Cooking, Food, Nonfiction, Reference, Foodie, Culinary","August 17, 1998",Nigella Lawson
Six Seasons: A New Way with Vegetables,"Cookbooks, Cooking, Food, Nonfiction, Reference, Culinary, Health","May 2, 2017",Joshua McFadden
Everyday Italian: 125 Simple and Delicious Recipes,"Cookbooks, Cooking, Food, Nonfiction, Reference, Foodie, Italy","February 22, 2005",Giada De Laurentiis
How to Cook Everything Vegetarian: Simple Meatless Recipes for Great Food,"Cookbooks, Cooking, Food, Nonfiction, Reference, Vegetarian, Food and Drink","January 1, 2007",Mark Bittman
Artisan Bread in Five Minutes a Day: The Discovery That Revolutionizes Home Baking,"Cookbooks, Cooking, Food, Nonfiction, Reference, Food and Drink, Foodie","November 13, 2007",Jeff Hertzberg
Barefoot Contessa Back to Basics,"Cookbooks, Cooking, Food, Nonfiction, Reference, Culinary, Foodie","October 28, 2008",Ina Garten
Magnolia Table,"Cookbooks, Cooking, Nonfiction, Food, Reference, Adult, Foodie","April 24, 2018",Joanna Gaines
Flour Water Salt Yeast: The Fundamentals of Artisan Bread and Pizza,"Cookbooks, Cooking, Food, Nonfiction, Reference, Culinary, Food and Drink","January 1, 2012",Ken Forkish
Momofuku,"Cookbooks, Cooking, Food, Nonfiction, Culinary, Reference, Foodie","October 27, 2009",David Chang
The Pioneer Woman Cooks: Food from My Frontier,"Cookbooks, Cooking, Nonfiction, Food, Reference, Foodie, Adult","March 13, 2011",Ree Drummond
Half Baked Harvest Cookbook: Recipes from My Barn in the Mountains,"Cookbooks, Cooking, Food, Nonfiction, Foodie, Reference, Health","September 12, 2017",Tieghan Gerard
Plenty More: Vibrant Vegetable Cooking from London's Ottolenghi,"Cookbooks, Cooking, Food, Nonfiction, Reference, Cuisine, Culinary","January 1, 2014",Yotam Ottolenghi
Smitten Kitchen Every Day: Triumphant and Unfussy New Favorites,"Cookbooks, Cooking, Food, Nonfiction, Reference, Foodie, Culinary","October 24, 2017",Deb Perelman
Dessert Person: Recipes and Guidance for Baking with Confidence: A Baking Book,"Cookbooks, Cooking, Food, Nonfiction, Reference, Culinary, Cuisine","October 20, 2020",Claire Saffitz
Indian-Ish: Recipes and Antics from a Modern American Family,"Cookbooks, Food, Cooking, Nonfiction, Reference, India, Culinary","April 23, 2019",Priya Krishna
Barefoot Contessa Family Style: Easy Ideas and Recipes That Make Everyone Feel Like Family,"Cookbooks, Cooking, Food, Nonfiction, Reference, Foodie, Culinary","October 29, 2002",Ina Garten
Cravings: Hungry for More,"Cookbooks, Cooking, Food, Nonfiction, Reference, Adult, Foodie","September 18, 2018",Chrissy Teigen
Dining In: Highly Cookable Recipes,"Cookbooks, Cooking, Food, Nonfiction, Reference, Foodie, Culinary","October 1, 2017",Alison Roman
The Homemade Pantry: 101 Foods You Can Stop Buying and Start Making,"Cookbooks, Cooking, Food, Nonfiction, Foodie, Reference, Culinary","April 3, 2012",Alana Chernila
On Food and Cooking: The Science and Lore of the Kitchen,"Food, Cooking, Cookbooks, Nonfiction, Science, Reference, Culinary","January 1, 1984",Harold McGee
The Unofficial Harry Potter Cookbook: From Cauldron Cakes to Knickerbocker Glory--More Than 150 Magical Recipes for Wizards and Non-Wizards Alike,"Cookbooks, Nonfiction, Cooking, Food, Reference, Food and Drink, Magic","September 18, 2010",Dinah Bucholz
"Half Baked Harvest Super Simple: More Than 125 Recipes for Instant, Overnight, Meal-Prepped, and Easy Comfort Foods: A Cookbook","Cookbooks, Cooking, Food, Nonfiction, Reference, Culinary, Health","October 1, 2019",Tieghan Gerard
Nothing Fancy: Unfussy Food for Having People Over,"Cookbooks, Cooking, Food, Nonfiction, Reference, Food and Drink, Culinary","October 1, 2019",Alison Roman
My Paris Kitchen: Recipes and Stories,"Cookbooks, Cooking, Food, Nonfiction, France, Memoir, Travel",Unknown,David Lebovitz
The America's Test Kitchen Family Cookbook,"Cookbooks, Cooking, Food, Nonfiction, Reference, Foodie, Culinary","January 1, 2005",America's Test Kitchen
The Silver Palate Cookbook,"Cookbooks, Cooking, Food, Nonfiction, Reference, Foodie, Food and Drink","January 4, 1982",Julee Rosso
Vegetarian Cooking for Everyone,"Cookbooks, Cooking, Food, Nonfiction, Reference, Vegetarian, Health","January 1, 1997",Deborah Madison
Tartine Bread,"Cookbooks, Cooking, Food, Nonfiction, Reference, Culinary, Food and Drink","September 29, 2010",Chad Robertson
The Hunger Games,"Young Adult, Fiction, Fantasy, Science Fiction, Audiobook, Teen, Post Apocalyptic","September 14, 2008",Suzanne Collins
Catching Fire,"Young Adult, Fiction, Fantasy, Science Fiction, Romance, Audiobook, Teen","September 1, 2009",Suzanne Collins
Mockingjay,"Young Adult, Dystopia, Fiction, Fantasy, Science Fiction, Romance, Adventure","August 24, 2010",Suzanne Collins
Pride and Prejudice,"Fiction, Historical Fiction, Historical, Literature, Audiobook, Novels, Historical Romance","January 28, 1813",Jane Austen
Divergent,"Young Adult, Dystopia, Fantasy, Fiction, Science Fiction, Romance, Teen","April 25, 2011",Veronica Roth
The Fault in Our Stars,"Young Adult, Fiction, Contemporary, Realistic Fiction, Teen, Coming Of Age, Novels","January 10, 2012",John Green
A Court of Thorns and Roses,"Fantasy, Young Adult, Fiction, New Adult, Fae, Audiobook, Romantasy","May 5, 2015",Sarah J. Maas
Harry Potter and the Sorcerer’s Stone,"Fantasy, Fiction, Young Adult, Magic, Childrens, Middle Grade, Audiobook","June 26, 1997",J.K. Rowling
Fifty Shades of Grey,"Romance, Fiction, Erotica, BDSM, Adult, Contemporary, Contemporary Romance","May 25, 2011",E.L. James
Insurgent,"Young Adult, Dystopia, Fantasy, Fiction, Science Fiction, Romance, Adventure","May 1, 2012",Veronica Roth
Throne of Glass,"Young Adult, Romance, Fiction, Magic, Young Adult Fantasy, High Fantasy, Audiobook","August 7, 2012",Sarah J. Maas
A Game of Thrones,"Fantasy, Fiction, Epic Fantasy, High Fantasy, Adult, Science Fiction Fantasy, Audiobook","August 6, 1996",George R.R. Martin
The Handmaid’s Tale,"Fiction, Classics, Dystopia, Science Fiction, Feminism, Fantasy, Adult","January 1, 1985",Margaret Atwood
The Seven Husbands of Evelyn Hugo,"Fiction, Historical Fiction, LGBT, Contemporary, Audiobook, Queer, Historical","June 13, 2017",Taylor Jenkins Reid
The Deal,"Romance, New Adult, Sports Romance, Sports, Contemporary, College, Contemporary Romance","February 24, 2015",Elle Kennedy
Gone Girl,"Fiction, Mystery, Thriller, Mystery Thriller, Crime, Suspense, Contemporary","May 24, 2012",Gillian Flynn
Vampire Academy,"Young Adult, Fantasy, Vampires, Paranormal, Romance, Urban Fantasy, Fiction","August 16, 2007",Richelle Mead
1984,"Classics, Fiction, Science Fiction, Dystopia, Literature, Politics, Novels","June 8, 1949",George Orwell
Shadow and Bone,"Fantasy, Young Adult, Fiction, Young Adult Fantasy, Magic, High Fantasy, Adventure","June 5, 2012",Leigh Bardugo
The Love Hypothesis,"Contemporary, Fiction, Contemporary Romance, Adult, Audiobook, Chick Lit, New Adult","September 14, 2021",Ali Hazelwood
City of Bones,"Fantasy, Young Adult, Romance, Paranormal, Urban Fantasy, Fiction, Vampires","March 27, 2007",Cassandra Clare
"Red, White & Royal Blue","Romance, LGBT, Contemporary, Fiction, Queer, Young Adult, Audiobook","May 14, 2019",Casey McQuiston
The Picture of Dorian Gray,"Classics, Fiction, Horror, Fantasy, Gothic, Literature, Novels","June 1, 1890",Oscar Wilde
Harry Potter and the Chamber of Secrets,"Fantasy, Fiction, Young Adult, Magic, Childrens, Middle Grade, Audiobook","July 2, 1998",J.K. Rowling
A Court of Mist and Fury,"Fantasy, Romance, Young Adult, New Adult, Fiction, Romantasy, Fae","May 3, 2016",Sarah J. Maas
The Selection,"Romance, Young Adult, Dystopia, Fantasy, Fiction, Audiobook, Science Fiction","April 24, 2012",Kiera Cass
Harry Potter and the Prisoner of Azkaban,"Fantasy, Fiction, Young Adult, Magic, Childrens, Audiobook, Middle Grade","July 8, 1999",J.K. Rowling
Dracula,"Horror, Fiction, Fantasy, Vampires, Gothic, Paranormal, Literature","May 26, 1897",Bram Stoker
The Lightning Thief,"Fantasy, Young Adult, Mythology, Fiction, Middle Grade, Adventure, Greek Mythology","July 28, 2005",Rick Riordan
The Great Gatsby,"Fiction, School, Historical Fiction, Romance, Literature, Novels, Read For School","April 10, 1925",F. Scott Fitzgerald
Harry Potter and the Goblet of Fire,"Fantasy, Fiction, Young Adult, Magic, Childrens, Audiobook, Middle Grade","July 8, 2000",J.K. Rowling
The Book Thief,"Historical Fiction, Fiction, Young Adult, Classics, Historical, War, World War II","September 1, 2005",Markus Zusak
The Martian,"Science Fiction, Fiction, Audiobook, Adventure, Space, Adult, Thriller","September 27, 2011",Andy Weir
The Song of Achilles,"Fantasy, Historical Fiction, Romance, Mythology, Fiction, LGBT, Historical","September 20, 2011",Madeline Miller
Verity,"Thriller, Romance, Mystery, Fiction, Mystery Thriller, Suspense, Contemporary","December 7, 2018",Colleen Hoover
Harry Potter and the Deathly Hallows,"Fantasy, Young Adult, Fiction, Magic, Childrens, Audiobook, Adventure","July 21, 2007",J.K. Rowling
A Court of Wings and Ruin,"Fantasy, Romance, Young Adult, New Adult, Fiction, Romantasy, Fae","May 2, 2017",Sarah J. Maas
Heartstopper: Volume One,"Graphic Novels, Young Adult, LGBT, Queer, Contemporary, Comics, Fiction","January 1, 2018",Alice Oseman
We Were Liars,"Young Adult, Mystery, Contemporary, Fiction, Romance, Thriller, Mystery Thriller","May 13, 2014",E. Lockhart
Jane Eyre,"Classics, Fiction, Historical Fiction, Gothic, Literature, Historical, School","October 16, 1847",Charlotte Brontë
Allegiant,"Young Adult, Dystopia, Fiction, Fantasy, Science Fiction, Romance, Adventure","October 22, 2013",Veronica Roth
Cinder,"Fantasy, Young Adult, Science Fiction, Romance, Retellings, Fiction, Dystopia","January 3, 2012",Marissa Meyer
Harry Potter and the Order of the Phoenix,"Fantasy, Young Adult, Fiction, Magic, Childrens, Audiobook, Adventure","June 21, 2003",J.K. Rowling
Little Women,"Fiction, Historical Fiction, Young Adult, Romance, Historical, Literature, Childrens","September 30, 1868",Louisa May Alcott
The Night Circus,"Fantasy, Fiction, Romance, Historical Fiction, Magic, Young Adult, Audiobook","September 13, 2011",Erin Morgenstern
The Girl on the Train,"Fiction, Mystery, Thriller, Mystery Thriller, Crime, Suspense, Audiobook","January 13, 2015",Paula Hawkins
Shatter Me,"Dystopia, Young Adult, Fiction, Science Fiction, Paranormal, Audiobook, Young Adult Fantasy","November 15, 2011",Tahereh Mafi
Beach Read,"Romance, Contemporary, Fiction, Audiobook, Contemporary Romance, Adult, Chick Lit","May 19, 2020",Emily Henry
Harry Potter and the Half-Blood Prince,"Fantasy, Fiction, Young Adult, Magic, Childrens, Audiobook, Adventure","July 16, 2005",J.K. Rowling
Fifty Shades Darker,"Romance, Fiction, Erotica, BDSM, Adult, Contemporary, Contemporary Romance","September 13, 2011",E.L. James
Harry Potter and the Sorcerer’s Stone,"Fantasy, Fiction, Young Adult, Magic, Childrens, Middle Grade, Audiobook","June 26, 1997",J.K. Rowling
Harry Potter and the Chamber of Secrets,"Fantasy, Fiction, Young Adult, Magic, Childrens, Middle Grade, Audiobook","July 2, 1998",J.K. Rowling
Harry Potter and the Prisoner of Azkaban,"Fantasy, Fiction, Young Adult, Magic, Childrens, Audiobook, Middle Grade","July 8, 1999",J.K. Rowling
The Hobbit,"Fantasy, Fiction, Novels, Literature, Magic, Young Adult, Childrens","September 21, 1937",J.R.R. Tolkien
Harry Potter and the Goblet of Fire,"Fantasy, Fiction, Young Adult, Magic, Childrens, Audiobook, Middle Grade","July 8, 2000",J.K. Rowling
Harry Potter and the Order of the Phoenix,"Fantasy, Young Adult, Fiction, Magic, Childrens, Audiobook, Adventure","June 21, 2003",J.K. Rowling
Harry Potter and the Half-Blood Prince,"Fantasy, Fiction, Young Adult, Magic, Childrens, Audiobook, Adventure","July 16, 2005",J.K. Rowling
Harry Potter and the Deathly Hallows,"Fantasy, Young Adult, Fiction, Magic, Childrens, Audiobook, Adventure","July 21, 2007",J.K. Rowling
A Game of Thrones,"Fantasy, Fiction, Epic Fantasy, High Fantasy, Adult, Science Fiction Fantasy, Audiobook","August 6, 1996",George R.R. Martin
The Fellowship of the Ring,"Fantasy, Classics, Fiction, Adventure, Audiobook, High Fantasy, Science Fiction Fantasy","July 29, 1954",J.R.R. Tolkien
A Court of Thorns and Roses,"Fantasy, Young Adult, Fiction, New Adult, Fae, Audiobook, Romantasy","May 5, 2015",Sarah J. Maas
A Clash of Kings,"Fantasy, Fiction, Epic Fantasy, High Fantasy, Science Fiction Fantasy, Adult, Audiobook","November 16, 1998",George R.R. Martin
Six of Crows,"Fantasy, Young Adult, Fiction, Young Adult Fantasy, LGBT, Adventure, Magic","September 29, 2015",Leigh Bardugo
The Two Towers,"Fantasy, Fiction, Adventure, High Fantasy, Audiobook, Science Fiction Fantasy, Epic Fantasy","November 11, 1954",J.R.R. Tolkien
The Name of the Wind,"Fantasy, Fiction, Epic Fantasy, High Fantasy, Audiobook, Magic, Science Fiction Fantasy","March 27, 2007",Patrick Rothfuss
The Final Empire,"Fantasy, Fiction, High Fantasy, Epic Fantasy, Audiobook, Magic, Adult","July 17, 2006",Brandon Sanderson
The Return of the King,"Fantasy, Fiction, Adventure, High Fantasy, Audiobook, Science Fiction Fantasy, Epic Fantasy","October 20, 1955",J.R.R. Tolkien
A Court of Mist and Fury,"Fantasy, Romance, Young Adult, New Adult, Fiction, Romantasy, Fae","May 3, 2016",Sarah J. Maas
The Lightning Thief,"Fantasy, Young Adult, Mythology, Fiction, Middle Grade, Adventure, Greek Mythology","July 28, 2005",Rick Riordan
Shadow and Bone,"Fantasy, Young Adult, Fiction, Young Adult Fantasy, Magic, High Fantasy, Adventure","June 5, 2012",Leigh Bardugo
The Cruel Prince,"Fantasy, Young Adult, Romance, Fae, Fiction, Young Adult Fantasy, Audiobook","January 2, 2018",Holly Black
"The Lion, the Witch and the Wardrobe","Fantasy, Fiction, Young Adult, Childrens, Classics, Middle Grade, Adventure","October 16, 1950",C.S. Lewis
A Storm of Swords,"Fantasy, Fiction, Epic Fantasy, High Fantasy, Science Fiction Fantasy, Audiobook, Adult","August 8, 2000",George R.R. Martin
A Feast for Crows,"Fantasy, Fiction, Epic Fantasy, High Fantasy, Science Fiction Fantasy, Adult, Audiobook","October 17, 2005",George R.R. Martin
Eragon,"Fantasy, Young Adult, Fiction, Dragons, Adventure, Magic, High Fantasy","June 1, 2002",Christopher Paolini
The Golden Compass,"Fantasy, Young Adult, Fiction, Childrens, Adventure, Middle Grade, Audiobook","July 1, 1995",Philip Pullman
A Court of Wings and Ruin,"Fantasy, Romance, Young Adult, New Adult, Fiction, Romantasy, Fae","May 2, 2017",Sarah J. Maas
A Dance with Dragons,"Fantasy, Fiction, Epic Fantasy, High Fantasy, Science Fiction Fantasy, Dragons, Audiobook","July 12, 2011",George R.R. Martin
The Night Circus,"Fantasy, Fiction, Romance, Historical Fiction, Magic, Young Adult, Audiobook","September 13, 2011",Erin Morgenstern
American Gods,"Fantasy, Fiction, Mythology, Urban Fantasy, Audiobook, Science Fiction, Science Fiction Fantasy","June 19, 2001",Neil Gaiman
City of Bones,"Fantasy, Young Adult, Romance, Paranormal, Urban Fantasy, Fiction, Vampires","March 27, 2007",Cassandra Clare
The Eye of the World,"Fantasy, Fiction, Epic Fantasy, High Fantasy, Audiobook, Science Fiction Fantasy, Adventure","January 15, 1990",Robert Jordan
Twilight,"Fantasy, Young Adult, Romance, Fiction, Vampires, Paranormal, Paranormal Romance","October 5, 2005",Stephenie Meyer
Crown of Midnight,"Young Adult, Romance, Fiction, Magic, Fae, Young Adult Fantasy, High Fantasy","August 15, 2013",Sarah J. Maas
The Way of Kings,"Fantasy, Fiction, Epic Fantasy, High Fantasy, Audiobook, Adult, Science Fiction Fantasy","August 31, 2010",Brandon Sanderson
A Darker Shade of Magic,"Fantasy, Fiction, Young Adult, Magic, Audiobook, Adult, Adventure","February 24, 2015",Victoria Schwab
Crooked Kingdom,"Fantasy, Young Adult, Fiction, Romance, Young Adult Fantasy, LGBT, Magic","September 27, 2016",Leigh Bardugo
"Good Omens: The Nice and Accurate Prophecies of Agnes Nutter, Witch","Fantasy, Fiction, Humor, Audiobook, Comedy, Urban Fantasy, Science Fiction Fantasy","May 10, 1990",Terry Pratchett
The Sea of Monsters,"Fantasy, Young Adult, Mythology, Fiction, Middle Grade, Adventure, Greek Mythology","April 1, 2006",Rick Riordan
The Well of Ascension,"Fantasy, Fiction, Epic Fantasy, High Fantasy, Audiobook, Adult, Magic","August 21, 2007",Brandon Sanderson
Stardust,"Fantasy, Fiction, Young Adult, Adventure, Audiobook, Magic, Science Fiction Fantasy","January 1, 1999",Neil Gaiman
Assassin's Apprentice,"Fantasy, Fiction, High Fantasy, Epic Fantasy, Audiobook, Adult, Magic","May 1, 1995",Robin Hobb
Siege and Storm,"Fantasy, Young Adult, Romance, Fiction, Young Adult Fantasy, Magic, High Fantasy","June 4, 2013",Leigh Bardugo
A Court of Frost and Starlight,"Fantasy, Romance, Romantasy, Young Adult, Fiction, New Adult, Fantasy Romance","May 1, 2018",Sarah J. Maas
Neverwhere,"Fantasy, Fiction, Urban Fantasy, Audiobook, Science Fiction Fantasy, Horror, Science Fiction","September 16, 1996",Neil Gaiman
The Wicked King,"Fantasy, Young Adult, Romance, Young Adult Fantasy, Fiction, Magic, Audiobook","January 8, 2019",Holly Black
The Wise Man’s Fear,"Fantasy, Fiction, Epic Fantasy, High Fantasy, Audiobook, Magic, Science Fiction Fantasy","March 1, 2011",Patrick Rothfuss
The Lord of the Rings,"Fantasy, Classics, Fiction, Adventure, Science Fiction Fantasy, High Fantasy, Epic Fantasy","January 1, 1954",J.R.R. Tolkien
The Invisible Life of Addie LaRue,"Fantasy, Fiction, Romance, Historical Fiction, Adult, Historical, Magical Realism","October 6, 2020",Victoria Schwab
The Lies of Locke Lamora,"Fantasy, Fiction, Audiobook, Adventure, High Fantasy, Adult, Epic Fantasy","June 1, 2006",Scott Lynch
1984,"Classics, Fiction, Science Fiction, Dystopia, Literature, Politics, Novels","June 8, 1949",George Orwell
To Kill a Mockingbird,"Fiction, Historical Fiction, School, Literature, Young Adult, Historical, Read For School","July 11, 1960",Harper Lee
The Great Gatsby,"Fiction, School, Historical Fiction, Romance, Literature, Novels, Read For School","April 10, 1925",F. Scott Fitzgerald
Animal Farm,"Fiction, Dystopia, Fantasy, School, Literature, Science Fiction, Novels","August 17, 1945",George Orwell
Harry Potter and the Sorcerer’s Stone,"Fantasy, Fiction, Young Adult, Magic, Childrens, Middle Grade, Audiobook","June 26, 1997",J.K. Rowling
The Catcher in the Rye,"Classics, Fiction, Young Adult, Literature, School, Coming Of Age, Novels","July 16, 1951",J.D. Salinger
The Hunger Games,"Young Adult, Fiction, Fantasy, Science Fiction, Audiobook, Teen, Post Apocalyptic","September 14, 2008",Suzanne Collins
The Alchemist,"Fiction, Fantasy, Philosophy, Novels, Self Help, Spirituality, Audiobook","January 1, 1988",Paulo Coelho
The Handmaid’s Tale,"Fiction, Classics, Dystopia, Science Fiction, Feminism, Fantasy, Adult","January 1, 1985",Margaret Atwood
Pride and Prejudice,"Fiction, Historical Fiction, Historical, Literature, Audiobook, Novels, Historical Romance","January 28, 1813",Jane Austen
The Kite Runner,"Fiction, Historical Fiction, Contemporary, Novels, Historical, School, Literature","May 29, 2003",Khaled Hosseini
The Da Vinci Code,"Fiction, Mystery, Thriller, Mystery Thriller, Historical Fiction, Suspense, Adventure","January 1, 2003",Dan       Brown
Lord of the Flies,"Fiction, Classics, Young Adult, School, Literature, Dystopia, Read For School","September 17, 1954",William Golding
Harry Potter and the Chamber of Secrets,"Fantasy, Fiction, Young Adult, Magic, Childrens, Middle Grade, Audiobook","July 2, 1998",J.K. Rowling
Harry Potter and the Prisoner of Azkaban,"Fantasy, Fiction, Young Adult, Magic, Childrens, Audiobook, Middle Grade","July 8, 1999",J.K. Rowling
Fahrenheit 451,"Fiction, Science Fiction, Dystopia, Classics, School, Literature, Novels","October 19, 1953",Ray Bradbury
The Hobbit,"Fantasy, Fiction, Novels, Literature, Magic, Young Adult, Childrens","September 21, 1937",J.R.R. Tolkien
Harry Potter and the Goblet of Fire,"Fantasy, Fiction, Young Adult, Magic, Childrens, Audiobook, Middle Grade","July 8, 2000",J.K. Rowling
Brave New World,"Classics, Fiction, Science Fiction, Dystopia, Literature, Novels, School","January 1, 1932",Aldous Huxley
The Book Thief,"Historical Fiction, Fiction, Young Adult, Classics, Historical, War, World War II","September 1, 2005",Markus Zusak
Harry Potter and the Half-Blood Prince,"Fantasy, Fiction, Young Adult, Magic, Childrens, Audiobook, Adventure","July 16, 2005",J.K. Rowling
Harry Potter and the Deathly Hallows,"Fantasy, Young Adult, Fiction, Magic, Childrens, Audiobook, Adventure","July 21, 2007",J.K. Rowling
Harry Potter and the Order of the Phoenix,"Fantasy, Young Adult, Fiction, Magic, Childrens, Audiobook, Adventure","June 21, 2003",J.K. Rowling
Of Mice and Men,"Fiction, School, Historical Fiction, Literature, Read For School, Novels, High School","February 25, 1937",John Steinbeck
Catching Fire,"Young Adult, Fiction, Fantasy, Science Fiction, Romance, Audiobook, Teen","September 1, 2009",Suzanne Collins
The Midnight Library,"Fiction, Fantasy, Audiobook, Contemporary, Magical Realism, Science Fiction, Adult","August 13, 2020",Matt Haig
Where the Crawdads Sing,"Fiction, Historical Fiction, Mystery, Audiobook, Romance, Contemporary, Adult","August 14, 2018",Delia Owens
Slaughterhouse-Five,"Fiction, Science Fiction, Classics, Historical Fiction, War, Literature, Novels","March 31, 1969",Kurt Vonnegut Jr.
The Girl with the Dragon Tattoo,"Fiction, Mystery, Thriller, Crime, Mystery Thriller, Suspense, Contemporary","August 1, 2005",Stieg Larsson
Life of Pi,"Fiction, Fantasy, Classics, Adventure, Magical Realism, Novels, Literature","September 11, 2001",Yann Martel
Mockingjay,"Young Adult, Dystopia, Fiction, Fantasy, Science Fiction, Romance, Adventure","August 24, 2010",Suzanne Collins
The Curious Incident of the Dog in the Night-Time,"Fiction, Mystery, Young Adult, Classics, Autistic Spectrum Disorder, Novels, Contemporary","July 31, 2003",Mark Haddon
The Picture of Dorian Gray,"Classics, Fiction, Horror, Fantasy, Gothic, Literature, Novels","June 1, 1890",Oscar Wilde
All the Light We Cannot See,"Historical Fiction, Fiction, Historical, War, World War II, Audiobook, Adult","May 6, 2014",Anthony Doerr
Jane Eyre,"Classics, Fiction, Historical Fiction, Gothic, Literature, Historical, School","October 16, 1847",Charlotte Brontë
The Help,"Fiction, Historical Fiction, Historical, Adult, Adult Fiction, Contemporary, Audiobook","February 10, 2009",Kathryn Stockett
Gone Girl,"Fiction, Mystery, Thriller, Mystery Thriller, Crime, Suspense, Contemporary","May 24, 2012",Gillian Flynn
The Seven Husbands of Evelyn Hugo,"Fiction, Historical Fiction, LGBT, Contemporary, Audiobook, Queer, Historical","June 13, 2017",Taylor Jenkins Reid
Angels & Demons,"Fiction, Mystery, Thriller, Mystery Thriller, Suspense, Adventure, Crime","May 1, 2000",Dan       Brown
The Fault in Our Stars,"Young Adult, Fiction, Contemporary, Realistic Fiction, Teen, Coming Of Age, Novels","January 10, 2012",John Green
The Hitchhiker’s Guide to the Galaxy,"Science Fiction, Fiction, Humor, Fantasy, Comedy, Audiobook, Science Fiction Fantasy","October 12, 1979",Douglas Adams
One Hundred Years of Solitude,"Fiction, Magical Realism, Literature, Fantasy, Historical Fiction, Novels, Spanish Literature","January 1, 1967",Gabriel García Márquez
Frankenstein: The 1818 Text,"Horror, Fiction, Science Fiction, Gothic, Fantasy, School, Literature","January 1, 1818",Mary Wollstonecraft Shelley
The Fellowship of the Ring,"Fantasy, Classics, Fiction, Adventure, Audiobook, High Fantasy, Science Fiction Fantasy","July 29, 1954",J.R.R. Tolkien
The Road,"Fiction, Science Fiction, Dystopia, Post Apocalyptic, Horror, Literature, Novels","September 26, 2006",Cormac McCarthy
The Stranger,"Classics, Fiction, Philosophy, France, Literature, Novels, French Literature","May 19, 1942",Albert Camus
A Man Called Ove,"Fiction, Contemporary, Audiobook, Humor, Adult, Book Club, Literary Fiction","August 27, 2012",Fredrik Backman
Dune,"Science Fiction, Fiction, Fantasy, Audiobook, Science Fiction Fantasy, Classics, Novels","June 1, 1965",Frank Herbert
Wuthering Heights,"Classics, Fiction, Gothic, Historical Fiction, Literature, Historical, 19th Century","December 1, 1847",Emily Brontë
A Game of Thrones,"Fantasy, Fiction, Epic Fantasy, High Fantasy, Adult, Science Fiction Fantasy, Audiobook","August 6, 1996",George R.R. Martin
Watchmen,"Graphic Novels, Fiction, Science Fiction, Fantasy, Graphic Novels Comics, Classics, Comic Book","November 1, 1987",Alan             Moore
"Saga, Volume 1","Graphic Novels, Comics, Fantasy, Science Fiction, Fiction, Graphic Novels Comics, Adult","October 10, 2012",Brian K. Vaughan
Heartstopper: Volume One,"Graphic Novels, Young Adult, LGBT, Queer, Contemporary, Comics, Fiction","January 1, 2018",Alice Oseman
Nimona,"Graphic Novels, Fantasy, Comics, Young Adult, Fiction, LGBT, Queer","May 12, 2015",N.D. Stevenson
Preludes & Nocturnes,"Graphic Novels, Comics, Fantasy, Fiction, Horror, Graphic Novels Comics, Comic Book","January 1, 1988",Neil Gaiman
Heartstopper: Volume Two,"Graphic Novels, LGBT, Young Adult, Queer, Contemporary, Comics, Fiction","July 11, 2019",Alice Oseman
V for Vendetta,"Graphic Novels, Comics, Fiction, Dystopia, Science Fiction, Graphic Novels Comics, Classics","January 14, 1990",Alan             Moore
Fun Home: A Family Tragicomic,"Graphic Novels, Memoir, Comics, Nonfiction, LGBT, Queer, Biography","June 8, 2006",Alison Bechdel
Heartstopper: Volume Three,"Graphic Novels, Romance, LGBT, Young Adult, Queer, Contemporary, Comics","February 6, 2020",Alice Oseman
The Complete Maus,"Graphic Novels, Comics, Nonfiction, History, Biography, Memoir, Historical","January 1, 1980",Art Spiegelman
Blankets,"Graphic Novels, Comics, Fiction, Young Adult, Romance, Graphic Novels Comics, Coming Of Age","July 23, 2003",Craig Thompson
Persepolis: The Story of a Childhood,"Graphic Novels, Nonfiction, Memoir, Comics, Biography, History, School","April 29, 2003",Marjane Satrapi
The Complete Persepolis,"Graphic Novels, Nonfiction, Comics, Memoir, Biography, History, Feminism","January 1, 2007",Marjane Satrapi
The Prince and the Dressmaker,"Graphic Novels, Young Adult, LGBT, Comics, Romance, Queer, Historical Fiction","February 13, 2018",Jen Wang
Maus I: A Survivor's Tale: My Father Bleeds History,"Graphic Novels, Comics, History, Nonfiction, Memoir, Holocaust, Biography","August 12, 1986",Art Spiegelman
"Saga, Volume 3","Graphic Novels, Comics, Fantasy, Science Fiction, Fiction, Graphic Novels Comics, Adult","March 19, 2014",Brian K. Vaughan
Heartstopper: Volume Four,"Graphic Novels, LGBT, Young Adult, Queer, Contemporary, Comics, Fiction","May 6, 2021",Alice Oseman
"Paper Girls, Volume 1","Graphic Novels, Comics, Science Fiction, Young Adult, Fiction, Graphic Novels Comics, Fantasy","March 30, 2016",Brian K. Vaughan
Through the Woods,"Graphic Novels, Horror, Comics, Fantasy, Short Stories, Young Adult, Fiction","July 1, 2014",Emily Carroll
This One Summer,"Graphic Novels, Young Adult, Comics, Fiction, Contemporary, Realistic Fiction, Coming Of Age","May 6, 2014",Mariko Tamaki
"Saga, Volume 4","Graphic Novels, Comics, Fantasy, Science Fiction, Fiction, Graphic Novels Comics, Adult","December 17, 2014",Brian K. Vaughan
Anya's Ghost,"Graphic Novels, Young Adult, Comics, Fantasy, Fiction, Horror, Paranormal","June 7, 2011",Vera Brosgol
Batman: The Killing Joke,"Graphic Novels, Batman, Fiction, Dc Comics, Graphic Novels Comics, Comic Book, Superheroes","November 16, 1988",Alan             Moore
Pumpkinheads,"Graphic Novels, Young Adult, Romance, Contemporary, Comics, LGBT, Fiction","August 27, 2019",Rainbow Rowell
"The Sandman, Vol. 2: The Doll's House","Graphic Novels, Comics, Fantasy, Fiction, Horror, Graphic Novels Comics, Comic Book","January 1, 1990",Neil Gaiman
American Born Chinese,"Graphic Novels, Young Adult, Comics, Fiction, Fantasy, School, Graphic Novels Comics","September 1, 2006",Gene Luen Yang
"Fables, Vol. 1: Legends in Exile","Graphic Novels, Comics, Fantasy, Fiction, Graphic Novels Comics, Fairy Tales, Mystery","January 1, 2002",Bill Willingham
"Saga, Volume 5","Graphic Novels, Comics, Fantasy, Science Fiction, Fiction, Graphic Novels Comics, Adult","September 9, 2015",Brian K. Vaughan
"Lumberjanes, Vol. 1: Beware the Kitten Holy","Graphic Novels, Comics, Fantasy, Young Adult, Fiction, LGBT, Graphic Novels Comics","April 7, 2015",N.D. Stevenson
Scott Pilgrim's Precious Little Life,"Graphic Novels, Comics, Fiction, Young Adult, Manga, Graphic Novels Comics, Fantasy","August 18, 2004",Bryan Lee O'Malley
The Tea Dragon Society,"Graphic Novels, Fantasy, Middle Grade, Comics, LGBT, Queer, Dragons","October 18, 2017",Kay O'Neill
"The Sandman, Vol. 3: Dream Country","Graphic Novels, Comics, Fantasy, Fiction, Horror, Graphic Novels Comics, Comic Book","January 1, 1990",Neil Gaiman
"Y: The Last Man, Vol. 1: Unmanned","Graphic Novels, Comics, Science Fiction, Fiction, Graphic Novels Comics, Dystopia, Comic Book","January 2, 2003",Brian K. Vaughan
"Locke & Key, Vol. 1: Welcome to Lovecraft","Graphic Novels, Horror, Comics, Fantasy, Fiction, Graphic Novels Comics, Mystery","September 29, 2008",Joe Hill
Batman: The Dark Knight Returns,"Comics, Graphic Novels, Batman, Fiction, Graphic Novels Comics, Comic Book, Dc Comics","January 28, 1986",Frank Miller
Laura Dean Keeps Breaking Up with Me,"Graphic Novels, LGBT, Young Adult, Romance, Comics, Queer, Contemporary","May 7, 2019",Mariko Tamaki
"Monstress, Volume 1: Awakening","Graphic Novels, Fantasy, Comics, Horror, Fiction, Steampunk, Graphic Novels Comics","July 13, 2016",Marjorie M. Liu
"Ms. Marvel, Vol. 1: No Normal","Graphic Novels, Young Adult, Fiction, Superheroes, Fantasy, Graphic Novels Comics, Comic Book","October 15, 2014",G. Willow Wilson
"Saga, Volume 6","Graphic Novels, Comics, Fantasy, Science Fiction, Fiction, Graphic Novels Comics, Adult","June 29, 2016",Brian K. Vaughan
Mooncakes,"Graphic Novels, Fantasy, LGBT, Young Adult, Romance, Queer, Comics","October 22, 2019",Suzanne  Walker
Smile,"Graphic Novels, Middle Grade, Young Adult, Realistic Fiction, Fiction, Childrens, Contemporary","July 12, 2009",Raina Telgemeier
Lore Olympus: Volume One,"Graphic Novels, Fantasy, Romance, Mythology, Comics, Retellings, Fiction","November 2, 2021",Rachel  Smythe
"The Sandman, Vol. 4: Season of Mists","Graphic Novels, Comics, Fantasy, Fiction, Horror, Graphic Novels Comics, Comic Book","January 1, 1990",Neil Gaiman
Batman: Year One,"Graphic Novels, Batman, Fiction, Dc Comics, Comics, Graphic Novels Comics, Comic Book","January 1, 1988",Frank Miller
Maus II: A Survivor's Tale: And Here My Troubles Began,"Graphic Novels, Nonfiction, Comics, History, Memoir, Holocaust, Biography","January 1, 1991",Art Spiegelman
Bloom,"Graphic Novels, LGBT, Romance, Young Adult, Queer, Comics, Contemporary","January 29, 2019",Kevin Panetta
